{"mse": 10329.326837367016, "r2": 0.6737978001417985}